"id_orcamento","data_ano","nome_unidade","nome_programa","nome_acao","dotacao_atual","empenhado","liquidado","pago"
"2","2000","Agência Espacial Brasileira","Assistência ao Trabalhador","Assistência Médica e Odontológica aos Servidores, Empregados e seus Dependentes","42750","39577","39577","39577"
"6","2000","Agência Espacial Brasileira","Nacional de Atividades Espaciais - Pnae","Desenvolvimento de Veículos Lançadores de Satélites","4406496","4492298","4492298","3816813"
"10","2000","Agência Espacial Brasileira","Nacional de Atividades Espaciais - Pnae","Regulamentações, Licenças e Certificações Espaciais","58200","58200","58200","58200"
"1","2000","Agência Espacial Brasileira","Atenção À Criança","Assistência Pré-escolar aos Dependentes dos Servidores e Empregados","12000","8351","8351","8351"
"11","2000","Agência Espacial Brasileira","Nacional de Atividades Espaciais - Pnae","Manutenção e Atualização da Infra-estrutura Espacial","1566550","1535732","1535732","936437"
"16","2000","Agência Espacial Brasileira","Apoio Administrativo","Remuneração de Pessoal Ativo da União e Encargos Sociais","2315000","2206396","2206396","2206396"
"4","2000","Agência Espacial Brasileira","Assistência ao Trabalhador","Auxílio Alimentação aos Servidores e Empregados","76755","68730","68730","68730"
"14","2000","Agência Espacial Brasileira","Apoio Administrativo","Manutenção e Conservação de Bens Imóveis","1003430","998640","998640","985635"
"12","2000","Agência Espacial Brasileira","Apoio Administrativo","Manutenção de Serviços Administrativos","957850","957850","957850","950957"
"8","2000","Agência Espacial Brasileira","Nacional de Atividades Espaciais - Pnae","Pesquisa e Desenvolvimento em Ciências e Tecnologias Espaciais","580000","536997","536997","536997"
"3","2000","Agência Espacial Brasileira","Assistência ao Trabalhador","Auxílio Transporte aos Servidores e Empregados","26000","25461","25461","25461"
"7","2000","Agência Espacial Brasileira","Nacional de Atividades Espaciais - Pnae","Desenvolvimento de Foguetes de Sondagem","1648210","1676197","1676197","1161637"
"9","2000","Agência Espacial Brasileira","Nacional de Atividades Espaciais - Pnae","Capacitação de Recursos Humanos para a Área Espacial","240202","163591","163591","163591"
"15","2000","Agência Espacial Brasileira","Apoio Administrativo","Ações de Informática","246318","239426","239426","238959"
"13","2000","Agência Espacial Brasileira","Apoio Administrativo","Manutenção de Serviços de Transportes","65000","28423","28423","517"
"5","2000","Agência Espacial Brasileira","Nacional de Atividades Espaciais - Pnae","Desenvolvimento de Satélites","5882850","5191526","5191526","3611488"
"17","2000","Agência Espacial Brasileira","Gestão da Política de Comunicação de Governo","Comunicação de Governo","50000","49079","49079","49079"
"26","2001","Agência Espacial Brasileira","Nacional de Atividades Espaciais - Pnae","Desenvolvimento de Foguetes de Sondagem","1668500","1462958","1462958","1040863"
"30","2001","Agência Espacial Brasileira","Nacional de Atividades Espaciais - Pnae","Experimentos em Microgravidade","424740","376164","376164","376164"
"23","2001","Agência Espacial Brasileira","Nacional de Atividades Espaciais - Pnae","Capacitação de Recursos Humanos para a Área Espacial","966000","804230","804230","669707"
"34","2001","Agência Espacial Brasileira","PROGRAMA DE APOIO ADMINISTRATIVO","Ações de Informática","117800","37800","37800","37800"
"28","2001","Agência Espacial Brasileira","Nacional de Atividades Espaciais - Pnae","Manutenção da Infra-Estrutura de Apoio Às Atividades Espaciais","1376430","1207232","1207232","1028290"
"32","2001","Agência Espacial Brasileira","PROGRAMA DE APOIO ADMINISTRATIVO","Manutenção de Serviços de Transportes","50324","48762","48762","47327"
"36","2001","Agência Espacial Brasileira","Gestão da Política de Comunicação de Governo","Comunicação de Governo","48300","47925","47925","39031"
"19","2001","Agência Espacial Brasileira","Assistência ao Trabalhador","Assistência Médica e Odontológica aos Servidores, Empregados e seus Dependentes","45000","36938","36938","36938"
"25","2001","Agência Espacial Brasileira","Nacional de Atividades Espaciais - Pnae","Desenvolvimento de Veículos Lançadores de Satélites","11780864","11794077","11794077","5767048"
"20","2001","Agência Espacial Brasileira","Assistência ao Trabalhador","Assistência Pré-escolar aos Dependentes dos Servidores e Empregados","10000","7372","7372","7372"
"18","2001","Agência Espacial Brasileira","PREVIDÊNCIA DE INATIVOS E PENSIONISTAS DA UNIÃO","Pagamento de Pensões a Servidores Civis","22538","14938","14938","14938"
"35","2001","Agência Espacial Brasileira","PROGRAMA DE APOIO ADMINISTRATIVO","Remuneração de Pessoal Ativo da União e Encargos Sociais","2302102","2136751","2136751","2136751"
"22","2001","Agência Espacial Brasileira","Assistência ao Trabalhador","Auxílio Alimentação aos Servidores e Empregados","68950","68950","68950","68950"
"29","2001","Agência Espacial Brasileira","Nacional de Atividades Espaciais - Pnae","Implantação de Infra-Estrutura Necessária ao Centro de Lançamento de Alcântara para a Prestação de Serviços de Lançamento","16716228","12785046","12785046","10480585"
"33","2001","Agência Espacial Brasileira","PROGRAMA DE APOIO ADMINISTRATIVO","Manutenção e Conservação de Bens Imóveis","575690","464290","464290","427981"
"24","2001","Agência Espacial Brasileira","Nacional de Atividades Espaciais - Pnae","Desenvolvimento de Satélites de Coleta de Dados e Sensoriamento Remoto","5583147","4759913","4759913","4739701"
"31","2001","Agência Espacial Brasileira","PROGRAMA DE APOIO ADMINISTRATIVO","Manutenção de Serviços Administrativos","1062987","892863","892863","822668"
"27","2001","Agência Espacial Brasileira","Nacional de Atividades Espaciais - Pnae","Pesquisa e Desenvolvimento em Ciências e Tecnologias Espaciais","454200","404173","404173","404173"
"21","2001","Agência Espacial Brasileira","Assistência ao Trabalhador","Auxílio Transporte aos Servidores e Empregados","30000","25207","25207","25207"
"53","2002","Agência Espacial Brasileira","Valorização do Servidor Público","Auxílio Transporte aos Servidores e Empregados","24000","24000","24000","24000"
"37","2002","Agência Espacial Brasileira","PREVIDÊNCIA DE INATIVOS E PENSIONISTAS DA UNIÃO","Pagamento de Aposentadorias e Pensões - Servidores Civis","26580","15014","15014","15014"
"48","2002","Agência Espacial Brasileira","Apoio Administrativo","Ações de Informática","40000","39290","39290","39290"
"41","2002","Agência Espacial Brasileira","Nacional de Atividades Espaciais - Pnae","Manutenção da Infra-Estrutura de Apoio Às Atividades Espaciais","1269000","1085717","1085717","686502"
"40","2002","Agência Espacial Brasileira","Nacional de Atividades Espaciais - Pnae","Desenvolvimento de Foguetes de Sondagem","307960","295606","295606","295606"
"44","2002","Agência Espacial Brasileira","Gestão da Participação em Organismos Internacionais","Contribuição a International Astronautical Federation - IAF","5000","3245","3245","3245"
"46","2002","Agência Espacial Brasileira","Apoio Administrativo","Manutenção de Serviços de Transportes","30000","28061","28061","23667"
"50","2002","Agência Espacial Brasileira","Gestão da Política de Comunicação de Governo","Comunicação de Governo","50000","50000","50000","50000"
"51","2002","Agência Espacial Brasileira","Valorização do Servidor Público","Assistência Médica e Odontológica aos Servidores, Empregados e seus Dependentes","45000","29929","29929","29929"
"39","2002","Agência Espacial Brasileira","Nacional de Atividades Espaciais - Pnae","Desenvolvimento de Veículos Lançadores de Satélites","7333835","7318174","7318174","4622937"
"52","2002","Agência Espacial Brasileira","Valorização do Servidor Público","Assistência Pré-escolar aos Dependentes dos Servidores e Empregados","10000","10000","10000","10000"
"54","2002","Agência Espacial Brasileira","Valorização do Servidor Público","Auxílio Alimentação aos Servidores e Empregados","70000","70000","70000","70000"
"49","2002","Agência Espacial Brasileira","Apoio Administrativo","Remuneração de Pessoal Ativo da União e Encargos Sociais","3342398","3282233","3282233","3282233"
"42","2002","Agência Espacial Brasileira","Nacional de Atividades Espaciais - Pnae","Implantação de Infra-Estrutura Necessária ao Centro de Lançamento de Alcântara para a Prestação de Serviços de Lançamento","3840000","3447171","3447171","1759285"
"47","2002","Agência Espacial Brasileira","Apoio Administrativo","Manutenção e Conservação de Bens Imóveis","495000","461332","461332","456742"
"38","2002","Agência Espacial Brasileira","Nacional de Atividades Espaciais - Pnae","Desenvolvimento de Satélites de Coleta de Dados e Sensoriamento Remoto","4795795","4722342","4722342","4722342"
"45","2002","Agência Espacial Brasileira","Apoio Administrativo","Manutenção de Serviços Administrativos","1208205","1173169","1173169","1136014"
"43","2002","Agência Espacial Brasileira","Nacional de Atividades Espaciais - Pnae","Formação de Astronautas","1100000","1019125","1019125","1019125"
"56","2003","Agência Espacial Brasileira","Nacional de Atividades Espaciais - Pnae","Apoio à Comercialização de Bens e Serviços no Setor Espacial","60000","2765","2765","2765"
"60","2003","Agência Espacial Brasileira","Nacional de Atividades Espaciais - Pnae","Administração da Unidade","1803303","1481241","1481241","1465184"
"69","2003","Agência Espacial Brasileira","Valorização do Servidor Público","Auxílio Transporte aos Servidores e Empregados","45000","44155","44155","44155"
"55","2003","Agência Espacial Brasileira","PREVIDÊNCIA DE INATIVOS E PENSIONISTAS DA UNIÃO","Pagamento de Aposentadorias e Pensões - Servidores Civis","54320","35090","35090","35090"
"62","2003","Agência Espacial Brasileira","Nacional de Atividades Espaciais - Pnae","Manutenção da Infra-Estrutura de Apoio Às Atividades Espaciais","888300","811614","811614","495966"
"59","2003","Agência Espacial Brasileira","Nacional de Atividades Espaciais - Pnae","Desenvolvimento de Foguetes de Sondagem","1380700","1131326","1131326","356602"
"66","2003","Agência Espacial Brasileira","Gestão da Participação em Organismos Internacionais","Contribuição a International Astronautical Federation - IAF","5000","4930","4930","4930"
"67","2003","Agência Espacial Brasileira","Valorização do Servidor Público","Assistência Médica e Odontológica aos Servidores, Empregados e seus Dependentes","35000","28243","28243","28243"
"58","2003","Agência Espacial Brasileira","Nacional de Atividades Espaciais - Pnae","Desenvolvimento de Veículos Lançadores de Satélites","10672818","9076137","9076137","2749075"
"65","2003","Agência Espacial Brasileira","Nacional de Atividades Espaciais - Pnae","Certificação de Sistemas e Produtos Espaciais","90000","4328","4328","4328"
"68","2003","Agência Espacial Brasileira","Valorização do Servidor Público","Assistência Pré-escolar aos Dependentes dos Servidores e Empregados","8000","3933","3933","3933"
"70","2003","Agência Espacial Brasileira","Valorização do Servidor Público","Auxílio Alimentação aos Servidores e Empregados","80000","73006","73006","73006"
"61","2003","Agência Espacial Brasileira","Nacional de Atividades Espaciais - Pnae","Remuneração de Pessoal Ativo da União e Encargos Sociais","2871579","2871579","2871579","2871579"
"63","2003","Agência Espacial Brasileira","Nacional de Atividades Espaciais - Pnae","Implantação de Infra-Estrutura Necessária ao Centro de Lançamento de Alcântara para a Prestação de Serviços de Lançamento","12245500","7879879","7879879","5444257"
"57","2003","Agência Espacial Brasileira","Nacional de Atividades Espaciais - Pnae","Desenvolvimento de Satélites de Coleta de Dados e Sensoriamento Remoto","4945000","4945000","4945000","4945000"
"64","2003","Agência Espacial Brasileira","Nacional de Atividades Espaciais - Pnae","Formação de Astronautas","1000000","745857","745857","745857"
"74","2004","Ministério da Ciência, Tecnologia, Inovações e Comunicações","Nacional de Atividades Espaciais - Pnae","Assistência Médica e Odontológica aos Servidores, Empregados e seus Dependentes","37800","26967","26967","26967"
"72","2004","Ministério da Ciência, Tecnologia, Inovações e Comunicações","Nacional de Atividades Espaciais - Pnae","Apoio a Projetos de Pesquisa e Desenvolvimento no Setor Espacial","1000000","1000000","1000000","1000000"
"82","2004","Ministério da Ciência, Tecnologia, Inovações e Comunicações","Nacional de Atividades Espaciais - Pnae","Desenvolvimento e Lançamento de Satélites Tecnológicos de Pequeno Porte","1600000","1146391","1146391","82373"
"78","2004","Ministério da Ciência, Tecnologia, Inovações e Comunicações","Nacional de Atividades Espaciais - Pnae","Gestão e Administração do Programa","6052113","5950661","5950661","5582324"
"85","2004","Ministério da Ciência, Tecnologia, Inovações e Comunicações","Nacional de Atividades Espaciais - Pnae","Desenvolvimento de Veículos Lançadores de Satélites","26790000","21903228","21903228","5986599"
"87","2004","Ministério da Ciência, Tecnologia, Inovações e Comunicações","Nacional de Atividades Espaciais - Pnae","Formação de Astronautas","1150000","1079340","1079340","1079340"
"73","2004","Ministério da Ciência, Tecnologia, Inovações e Comunicações","Nacional de Atividades Espaciais - Pnae","Reconstrução da Torre Móvel de Integração do Sítio do Veículo Lançador de Satélite","21000000","21000000","21000000","16000000"
"83","2004","Ministério da Ciência, Tecnologia, Inovações e Comunicações","Nacional de Atividades Espaciais - Pnae","Operação das Plataformas de Coleta de Dados","1000000","728870","728870","208733"
"79","2004","Ministério da Ciência, Tecnologia, Inovações e Comunicações","Nacional de Atividades Espaciais - Pnae","Funcionamento da Infra-Estrutura de Apoio às Atividades Espaciais","6858000","5067041","5067041","222523"
"71","2004","Ministério da Ciência, Tecnologia, Inovações e Comunicações","PREVIDÊNCIA DE INATIVOS E PENSIONISTAS DA UNIÃO","Pagamento de Aposentadorias e Pensões - Servidores Civis","86651","69445","69445","69445"
"88","2004","Ministério da Ciência, Tecnologia, Inovações e Comunicações","Gestão da Participação em Organismos Internacionais","Contribuição a International Astronautical Federation - IAF","6000","5223","5223","5223"
"76","2004","Ministério da Ciência, Tecnologia, Inovações e Comunicações","Nacional de Atividades Espaciais - Pnae","Auxílio-Transporte aos Servidores e Empregados","45000","41027","41027","41027"
"84","2004","Ministério da Ciência, Tecnologia, Inovações e Comunicações","Nacional de Atividades Espaciais - Pnae","Desenvolvimento e Lançamento de Satélites de Aplicação","13200000","12069654","12069654","7870824"
"75","2004","Ministério da Ciência, Tecnologia, Inovações e Comunicações","Nacional de Atividades Espaciais - Pnae","Assistência Pré-escolar aos Dependentes dos Servidores e Empregados","5000","4443","4443","4443"
"86","2004","Ministério da Ciência, Tecnologia, Inovações e Comunicações","Nacional de Atividades Espaciais - Pnae","Desenvolvimento e Lançamento de Foguetes de Sondagem","2720000","2680753","2680753","696577"
"81","2004","Ministério da Ciência, Tecnologia, Inovações e Comunicações","Nacional de Atividades Espaciais - Pnae","Certificação de Sistemas e Produtos Espaciais","85000","84645","84645","40714"
"80","2004","Ministério da Ciência, Tecnologia, Inovações e Comunicações","Nacional de Atividades Espaciais - Pnae","Complementação da Infra-Estrutura Geral do Centro de Lançamento de Alcântara","18500000","11069618","11069618","5474765"
"77","2004","Ministério da Ciência, Tecnologia, Inovações e Comunicações","Nacional de Atividades Espaciais - Pnae","Auxílio-Alimentação aos Servidores e Empregados","95000","92046","92046","92046"
"91","2005","Agência Espacial Brasileira","Nacional de Atividades Espaciais - Pnae","Contribuição da União, de suas Autarquias e Fundações para o Custeio do Regime de Previdência  dos Servidores Públicos Federais","202465","170000","170000","170000"
"116","2005","Agência Espacial Brasileira","Nacional de Atividades Espaciais - Pnae","Desenvolvimento e Lançamento de Foguetes de Sondagem","1013000","1011778","1011778","543179"
"118","2005","Agência Espacial Brasileira","Nacional de Atividades Espaciais - Pnae","Formação de Astronautas","11950000","11950000","11950000","11950000"
"119","2005","Agência Espacial Brasileira","Nacional de Atividades Espaciais - Pnae","Pesquisa e Desenvolvimento em Tecnologias Associadas a Veículos Lançadores","957000","944006","944006","134391"
"97","2005","Agência Espacial Brasileira","Nacional de Atividades Espaciais - Pnae","Funcionamento do Centro Regional de Educação em Ciência e Tecnologia Espaciais para a América Latina e Caribe","350000","350000","350000","330047"
"105","2005","Agência Espacial Brasileira","Nacional de Atividades Espaciais - Pnae","Complementação da Infra-Estrutura Geral do Centro de Lançamento de Alcântara","21500000","21509426","21509426","11779411"
"107","2005","Agência Espacial Brasileira","Nacional de Atividades Espaciais - Pnae","Recepção de Imagens e Geração de Produtos de Satélites","4965000","4864349","4864349","2357211"
"95","2005","Agência Espacial Brasileira","Nacional de Atividades Espaciais - Pnae","Auxílio-Transporte aos Servidores e Empregados","53000","31031","31031","31031"
"103","2005","Agência Espacial Brasileira","Nacional de Atividades Espaciais - Pnae","Participação Brasileira no Desenvolvimento do Satélite Sino-Brasileiro - Projeto CBERS","78122500","78033830","78033830","46219753"
"96","2005","Agência Espacial Brasileira","Nacional de Atividades Espaciais - Pnae","Auxílio-Alimentação aos Servidores e Empregados","98000","94094","94094","94094"
"98","2005","Agência Espacial Brasileira","Nacional de Atividades Espaciais - Pnae","Manutenção da Infra-estrutura de Apoio a Satélites","5810000","5809583","5809583","3387457"
"99","2005","Agência Espacial Brasileira","Nacional de Atividades Espaciais - Pnae","Gestão e Administração do Programa","7344506","7342084","7342084","6754450"
"100","2005","Agência Espacial Brasileira","Nacional de Atividades Espaciais - Pnae","Funcionamento da Infra-Estrutura de Apoio às Atividades Espaciais","1800000","1797712","1797712","397813"
"101","2005","Agência Espacial Brasileira","Nacional de Atividades Espaciais - Pnae","Desenvolvimento de Experimentos e Equipamentos Embarcados","1360000","1360000","1360000","716911"
"89","2005","Agência Espacial Brasileira","PREVIDÊNCIA DE INATIVOS E PENSIONISTAS DA UNIÃO","Pagamento de Aposentadorias e Pensões - Servidores Civis","116514","76150","76150","76150"
"111","2005","Agência Espacial Brasileira","Nacional de Atividades Espaciais - Pnae","Desenvolvimento do Segmento de Aplicações do Satélite Sino-Brasileiro (CBERS)","1060000","1060000","1060000","597601"
"120","2005","Agência Espacial Brasileira","Gestão da Participação em Organismos Internacionais","Contribuição a International Astronautical Federation - IAF","6500","5195","5195","5195"
"104","2005","Agência Espacial Brasileira","Nacional de Atividades Espaciais - Pnae","Participação Brasileira na Estação Espacial Internacional - ISS","5826000","5626000","5626000","5626000"
"102","2005","Agência Espacial Brasileira","Nacional de Atividades Espaciais - Pnae","Capacitação de Especialistas do Setor Espacial","100000","92890","92890","92890"
"93","2005","Agência Espacial Brasileira","Nacional de Atividades Espaciais - Pnae","Assistência Médica e Odontológica aos Servidores, Empregados e seus Dependentes","47460","23721","23721","23721"
"109","2005","Agência Espacial Brasileira","Nacional de Atividades Espaciais - Pnae","Desenvolvimento e Lançamento de Satélites Tecnológicos de Pequeno Porte","1680000","1580175","1580175","793404"
"110","2005","Agência Espacial Brasileira","Nacional de Atividades Espaciais - Pnae","Operação das Plataformas de Coleta de Dados","1050000","731816","731816","159004"
"115","2005","Agência Espacial Brasileira","Nacional de Atividades Espaciais - Pnae","Desenvolvimento de Veículos Lançadores de Satélites","22485560","22533070","22533070","6108144"
"108","2005","Agência Espacial Brasileira","Nacional de Atividades Espaciais - Pnae","Certificação de Sistemas e Produtos Espaciais","100000","100000","100000","75167"
"112","2005","Agência Espacial Brasileira","Nacional de Atividades Espaciais - Pnae","Desenvolvimento de Produtos e Processos Inovadores para o Setor Espacial","475000","450697","450697","234684"
"113","2005","Agência Espacial Brasileira","Nacional de Atividades Espaciais - Pnae","Funcionamento do Centro Regional Sul de Pesquisas Espaciais","985000","984834","984834","709001"
"106","2005","Agência Espacial Brasileira","Nacional de Atividades Espaciais - Pnae","Pesquisa e Desenvolvimento em Tecnologias, Ciências e Aplicações Espaciais no Instituto Nacional de Pesquisas Espaciais","5450000","5444615","5444615","2490363"
"114","2005","Agência Espacial Brasileira","Nacional de Atividades Espaciais - Pnae","Desenvolvimento e Lançamento de Satélites de Aplicação","17006500","17004561","17004561","15707599"
"92","2005","Agência Espacial Brasileira","Nacional de Atividades Espaciais - Pnae","Reconstrução da Torre Móvel de Integração do Sítio do Veículo Lançador de Satélite","7650000","7650000","7650000","7650000"
"94","2005","Agência Espacial Brasileira","Nacional de Atividades Espaciais - Pnae","Assistência Pré-escolar aos Dependentes dos Servidores e Empregados","6500","2850","2850","2850"
"90","2005","Agência Espacial Brasileira","Nacional de Atividades Espaciais - Pnae","Apoio a Projetos de Pesquisa e Desenvolvimento no Setor Espacial","1449790","1449790","1449790","1449790"
"117","2005","Agência Espacial Brasileira","Nacional de Atividades Espaciais - Pnae","Desenvolvimento e Lançamento de Satélites de Sensoriamento Remoto com Imageador Radar","5785000","5784267","5784267","5328226"
"147","2006","Ministério da Ciência, Tecnologia, Inovações e Comunicações","Nacional de Atividades Espaciais - Pnae","Desenvolvimento e Lançamento de Foguetes de Sondagem","1947438","1755543","1755543","909891"
"134","2006","Ministério da Ciência, Tecnologia, Inovações e Comunicações","Nacional de Atividades Espaciais - Pnae","Desenvolvimento de Satélites Científicos","3324258","3324258","3324258","1981200"
"138","2006","Ministério da Ciência, Tecnologia, Inovações e Comunicações","Nacional de Atividades Espaciais - Pnae","Complementação da Infra-Estrutura Geral do Centro de Lançamento de Alcântara","44185458","34229846","34229846","3368578"
"144","2006","Ministério da Ciência, Tecnologia, Inovações e Comunicações","Nacional de Atividades Espaciais - Pnae","Desenvolvimento de Produtos e Processos Inovadores para o Setor Espacial","475000","474327","474327","226092"
"130","2006","Ministério da Ciência, Tecnologia, Inovações e Comunicações","Nacional de Atividades Espaciais - Pnae","Auxílio-Alimentação aos Servidores e Empregados","114000","93190","93190","93190"
"127","2006","Ministério da Ciência, Tecnologia, Inovações e Comunicações","Nacional de Atividades Espaciais - Pnae","Assistência Médica e Odontológica aos Servidores, Empregados e seus Dependentes","56952","23769","23769","23769"
"135","2006","Ministério da Ciência, Tecnologia, Inovações e Comunicações","Nacional de Atividades Espaciais - Pnae","Capacitação de Especialistas do Setor Espacial","112000","111337","111337","111337"
"142","2006","Ministério da Ciência, Tecnologia, Inovações e Comunicações","Nacional de Atividades Espaciais - Pnae","Operação do Sistema de Coleta de Dados","850000","850000","850000","255683"
"123","2006","Ministério da Ciência, Tecnologia, Inovações e Comunicações","Nacional de Atividades Espaciais - Pnae","Apoio a Projetos de Pesquisa e Desenvolvimento no Setor Espacial","1902595","1604786","1604786","754786"
"150","2006","Ministério da Ciência, Tecnologia, Inovações e Comunicações","Nacional de Atividades Espaciais - Pnae","Pesquisa e Desenvolvimento em Tecnologias Associadas a Veículos Lançadores","8739417","7271182","7271182","1079964"
"136","2006","Ministério da Ciência, Tecnologia, Inovações e Comunicações","Nacional de Atividades Espaciais - Pnae","Participação Brasileira no Desenvolvimento do Satélite Sino-Brasileiro - Projeto CBERS","78487334","78480901","78480901","53313137"
"145","2006","Ministério da Ciência, Tecnologia, Inovações e Comunicações","Nacional de Atividades Espaciais - Pnae","Desenvolvimento de Satélites de Sensoriamento Remoto com Imageador Óptico","13347571","13346662","13346662","9093355"
"141","2006","Ministério da Ciência, Tecnologia, Inovações e Comunicações","Nacional de Atividades Espaciais - Pnae","Desenvolvimento e Lançamento de Satélites Tecnológicos de Pequeno Porte","1628095","1628095","1628095","660449"
"122","2006","Ministério da Ciência, Tecnologia, Inovações e Comunicações","Nacional de Atividades Espaciais - Pnae","Implantação do Sistema de Metrologia, Normalização e Certificação para a Área Espacial","1000000","992452","992452","532096"
"132","2006","Ministério da Ciência, Tecnologia, Inovações e Comunicações","Nacional de Atividades Espaciais - Pnae","Gestão e Administração do Programa","8168899","7910540","7910540","7556853"
"146","2006","Ministério da Ciência, Tecnologia, Inovações e Comunicações","Nacional de Atividades Espaciais - Pnae","Desenvolvimento de Veículos Lançadores de Satélites","26100776","23510948","23510948","7085928"
"137","2006","Ministério da Ciência, Tecnologia, Inovações e Comunicações","Nacional de Atividades Espaciais - Pnae","Participação Brasileira na Estação Espacial Internacional - ISS","2739028","65735","65735","27515"
"149","2006","Ministério da Ciência, Tecnologia, Inovações e Comunicações","Nacional de Atividades Espaciais - Pnae","Formação de Astronautas","19000000","16815025","16815025","16815025"
"148","2006","Ministério da Ciência, Tecnologia, Inovações e Comunicações","Nacional de Atividades Espaciais - Pnae","Desenvolvimento de Satélites de Sensoriamento Remoto com Imageador Radar","690000","689885","689885","468213"
"126","2006","Ministério da Ciência, Tecnologia, Inovações e Comunicações","Nacional de Atividades Espaciais - Pnae","Reconstrução da Torre Móvel de Integração do Sítio do Veículo Lançador de Satélite","1350000","1350000","1350000","1350000"
"124","2006","Ministério da Ciência, Tecnologia, Inovações e Comunicações","Nacional de Atividades Espaciais - Pnae","Desenvolvimento de Satélites de Comunicação e Meteorologia","500000","0","0","0"
"139","2006","Ministério da Ciência, Tecnologia, Inovações e Comunicações","Nacional de Atividades Espaciais - Pnae","Pesquisa e Desenvolvimento em Tecnologias, Ciências e Aplicações Espaciais no Instituto Nacional de Pesquisas Espaciais","4948474","4947290","4947290","2825316"
"133","2006","Ministério da Ciência, Tecnologia, Inovações e Comunicações","Nacional de Atividades Espaciais - Pnae","Funcionamento da Infra-Estrutura de Apoio às Atividades Espaciais","7907712","7821789","7821789","4291979"
"125","2006","Ministério da Ciência, Tecnologia, Inovações e Comunicações","Nacional de Atividades Espaciais - Pnae","Contribuição da União, de suas Autarquias e Fundações para o Custeio do Regime de Previdência dos Servidores Públicos Federais","49189","25836","25836","25836"
"140","2006","Ministério da Ciência, Tecnologia, Inovações e Comunicações","Nacional de Atividades Espaciais - Pnae","Recepção de Imagens e Geração de Produtos de Satélites","4814453","4814450","4814450","3540233"
"151","2006","Ministério da Ciência, Tecnologia, Inovações e Comunicações","Gestão da Participação em Organismos Internacionais","Contribuição a International Astronautical Federation - IAF","6500","3866","3866","3866"
"129","2006","Ministério da Ciência, Tecnologia, Inovações e Comunicações","Nacional de Atividades Espaciais - Pnae","Auxílio-Transporte aos Servidores e Empregados","56000","35971","35971","35971"
"121","2006","Ministério da Ciência, Tecnologia, Inovações e Comunicações","PREVIDÊNCIA DE INATIVOS E PENSIONISTAS DA UNIÃO","Pagamento de Aposentadorias e Pensões - Servidores Civis","104391","65869","65869","65869"
"128","2006","Ministério da Ciência, Tecnologia, Inovações e Comunicações","Nacional de Atividades Espaciais - Pnae","Assistência Pré-escolar aos Dependentes dos Servidores e Empregados","6500","3681","3681","3681"
"131","2006","Ministério da Ciência, Tecnologia, Inovações e Comunicações","Nacional de Atividades Espaciais - Pnae","Funcionamento da Infra-Estrutura de Apoio a Satélites","5601224","5598569","5598569","3989095"
"143","2006","Ministério da Ciência, Tecnologia, Inovações e Comunicações","Nacional de Atividades Espaciais - Pnae","Desenvolvimento do Segmento de Aplicações do Satélite Sino-Brasileiro (CBERS)","1060000","1060000","1060000","736281"
"180","2007","Agência Espacial Brasileira","Nacional de Atividades Espaciais - Pnae","Pesquisa e Desenvolvimento em Tecnologias Associadas a Veículos Espaciais","10569050","10440644","641838","401428"
"177","2007","Agência Espacial Brasileira","Nacional de Atividades Espaciais - Pnae","Desenvolvimento de Produtos e Processos Inovadores para o Setor Espacial","2820000","2608529","1378354","1377922"
"172","2007","Agência Espacial Brasileira","Nacional de Atividades Espaciais - Pnae","Pesquisa e Desenvolvimento em Tecnologias, Ciências e Aplicações Espaciais no Instituto Nacional de Pesquisas Espaciais","2100000","1951469","1122156","1116756"
"159","2007","Agência Espacial Brasileira","Nacional de Atividades Espaciais - Pnae","Reconstrução da Torre Móvel de Integração do Sítio do Veículo Lançador de Satélite","700000","0","0","0"
"161","2007","Agência Espacial Brasileira","Nacional de Atividades Espaciais - Pnae","Assistência Pré-escolar aos Dependentes dos Servidores e Empregados","5700","5296","5296","5296"
"164","2007","Agência Espacial Brasileira","Nacional de Atividades Espaciais - Pnae","Funcionamento da Infra-Estrutura de Apoio a Satélites","7000000","6974386","4618552","4618083"
"154","2007","Agência Espacial Brasileira","Nacional de Atividades Espaciais - Pnae","Apoio a Projetos de Pesquisa e Desenvolvimento no Setor Espacial","4200000","300000","300000","300000"
"158","2007","Agência Espacial Brasileira","Nacional de Atividades Espaciais - Pnae","Contribuição da União, de suas Autarquias e Fundações para o Custeio do Regime de Previdência dos Servidores Públicos Federais","64440","33510","33510","31571"
"179","2007","Agência Espacial Brasileira","Nacional de Atividades Espaciais - Pnae","Desenvolvimento e Lançamento de Foguetes de Sondagem","2662000","2648385","1075351","1035160"
"155","2007","Agência Espacial Brasileira","Nacional de Atividades Espaciais - Pnae","Desenvolvimento de Satélites de Comunicação e Meteorologia","500000","0","0","0"
"167","2007","Agência Espacial Brasileira","Nacional de Atividades Espaciais - Pnae","Desenvolvimento de Satélites Científicos","500000","457963","82214","82214"
"153","2007","Agência Espacial Brasileira","Nacional de Atividades Espaciais - Pnae","Implantação do Sistema de Metrologia, Normalização e Certificação para a Área Espacial","1500000","1468658","443639","433656"
"173","2007","Agência Espacial Brasileira","Nacional de Atividades Espaciais - Pnae","Recepção de Imagens e Geração de Produtos de Satélites","4800000","4443287","2996420","2996420"
"171","2007","Agência Espacial Brasileira","Nacional de Atividades Espaciais - Pnae","Complementação da Infra-Estrutura Geral do Centro de Lançamento de Alcântara","22500000","22317034","3210464","3189887"
"162","2007","Agência Espacial Brasileira","Nacional de Atividades Espaciais - Pnae","Auxílio-Transporte aos Servidores e Empregados","45980","27979","27979","27979"
"169","2007","Agência Espacial Brasileira","Nacional de Atividades Espaciais - Pnae","Participação Brasileira no Desenvolvimento do Satélite Sino-Brasileiro - Projeto CBERS","93355000","93302156","56613580","56585593"
"175","2007","Agência Espacial Brasileira","Nacional de Atividades Espaciais - Pnae","Operação do Sistema de Coleta de Dados","400000","367124","247071","242576"
"163","2007","Agência Espacial Brasileira","Nacional de Atividades Espaciais - Pnae","Auxílio-Alimentação aos Servidores e Empregados","104970","88493","88493","88493"
"156","2007","Agência Espacial Brasileira","Nacional de Atividades Espaciais - Pnae","Desenvolvimento de Satélites de Sensoriamento Remoto","14184400","13474796","11945604","10692191"
"165","2007","Agência Espacial Brasileira","Nacional de Atividades Espaciais - Pnae","Gestão e Administração do Programa","11272839","8517389","8237868","8211819"
"166","2007","Agência Espacial Brasileira","Nacional de Atividades Espaciais - Pnae","Funcionamento da Infra-Estrutura de Apoio às Atividades Espaciais","11900000","11886956","3077518","3077518"
"152","2007","Agência Espacial Brasileira","PREVIDÊNCIA DE INATIVOS E PENSIONISTAS DA UNIÃO","Pagamento de Aposentadorias e Pensões - Servidores Civis","83205","73979","73979","73979"
"176","2007","Agência Espacial Brasileira","Nacional de Atividades Espaciais - Pnae","Desenvolvimento do Segmento de Aplicações do Satélite Sino-Brasileiro (CBERS)","2645000","2440371","1283188","1283188"
"157","2007","Agência Espacial Brasileira","Nacional de Atividades Espaciais - Pnae","Implantação do Centro Espacial de Alcântara - CEA","2000000","0","0","0"
"181","2007","Agência Espacial Brasileira","Gestão da Participação em Organismos Internacionais","Contribuição a International Astronautical Federation - IAF","6500","3873","3873","3873"
"170","2007","Agência Espacial Brasileira","Nacional de Atividades Espaciais - Pnae","Participação Brasileira na Estação Espacial Internacional - ISS","200000","0","0","0"
"168","2007","Agência Espacial Brasileira","Nacional de Atividades Espaciais - Pnae","Capacitação de Especialistas do Setor Espacial","300000","90304","53597","53597"
"160","2007","Agência Espacial Brasileira","Nacional de Atividades Espaciais - Pnae","Assistência Médica e Odontológica aos Servidores, Empregados e seus Dependentes","27720","20714","20714","20714"
"174","2007","Agência Espacial Brasileira","Nacional de Atividades Espaciais - Pnae","Desenvolvimento e Lançamento de Satélites Tecnológicos de Pequeno Porte","1600000","1407000","624774","624774"
"178","2007","Agência Espacial Brasileira","Nacional de Atividades Espaciais - Pnae","Desenvolvimento de Veículos Lançadores de Satélites","26170000","25916355","2235702","2170460"
"198","2008","Agência Espacial Brasileira","Nacional de Atividades Espaciais - Pnae","Funcionamento e Atualização do Laboratório de Integração e Testes","2500000","2499518","2233209","2181237"
"189","2008","Agência Espacial Brasileira","Nacional de Atividades Espaciais - Pnae","Desenvolvimento do Satélite Amazônia-1","10800000","10782258","8973914","8966608"
"209","2008","Agência Espacial Brasileira","Nacional de Atividades Espaciais - Pnae","Desenvolvimento de Veículos Lançadores de Satélites","24778368","24989121","2556264","2360917"
"211","2008","Agência Espacial Brasileira","Nacional de Atividades Espaciais - Pnae","Pesquisa e Desenvolvimento em Tecnologias Associadas a Veículos Espaciais","8590643","7522208","862520","797901"
"208","2008","Agência Espacial Brasileira","Nacional de Atividades Espaciais - Pnae","Desenvolvimento de Produtos e Processos Inovadores para o Setor Espacial","4438000","4434865","3346317","3286505"
"207","2008","Agência Espacial Brasileira","Nacional de Atividades Espaciais - Pnae","Pesquisa e Aplicações de Dados de Satélites de Observação da Terra","2695000","2694046","2266086","2245354"
"195","2008","Agência Espacial Brasileira","Nacional de Atividades Espaciais - Pnae","Assistência Pré-escolar aos Dependentes dos Servidores e Empregados","5705","5542","5542","5542"
"205","2008","Agência Espacial Brasileira","Nacional de Atividades Espaciais - Pnae","Apoio a Projetos de Pesquisa e Desenvolvimento no Setor Espacial","2350000","2350000","1986219","1978259"
"185","2008","Agência Espacial Brasileira","Nacional de Atividades Espaciais - Pnae","Contribuição da União, de suas Autarquias e Fundações para o Custeio do Regime de Previdência dos Servidores Públicos Federais","49182","39055","39055","39055"
"210","2008","Agência Espacial Brasileira","Nacional de Atividades Espaciais - Pnae","Desenvolvimento e Lançamento de Foguetes de Sondagem","3283401","2144752","312848","147007"
"184","2008","Agência Espacial Brasileira","Nacional de Atividades Espaciais - Pnae","Desenvolvimento de Satélites de Comunicação e Meteorologia","200000","0","0","0"
"192","2008","Agência Espacial Brasileira","Nacional de Atividades Espaciais - Pnae","Capacitação de Especialistas do Sistema Nacional de Desenvolvimento das Atividades Espaciais","270000","0","0","0"
"183","2008","Agência Espacial Brasileira","Nacional de Atividades Espaciais - Pnae","Implantação do Sistema de Metrologia, Normalização e Certificação para a Área Espacial","919608","902932","651112","630330"
"204","2008","Agência Espacial Brasileira","Nacional de Atividades Espaciais - Pnae","Controle de Satélites, Recepção, Geração, Armazenamento e Distribuição de Dados","6772500","6755533","5608149","5600389"
"188","2008","Agência Espacial Brasileira","Nacional de Atividades Espaciais - Pnae","Desenvolvimento do Satélite de Sensoriamento Remoto com Imageador Radar - MAPSAR","1000000","1000000","756376","753487"
"202","2008","Agência Espacial Brasileira","Nacional de Atividades Espaciais - Pnae","Complementação da Infra-Estrutura Geral do Centro de Lançamento de Alcântara","6803466","6803466","0","0"
"196","2008","Agência Espacial Brasileira","Nacional de Atividades Espaciais - Pnae","Auxílio-Transporte aos Servidores e Empregados","36887","22499","22499","22499"
"197","2008","Agência Espacial Brasileira","Nacional de Atividades Espaciais - Pnae","Auxílio-Alimentação aos Servidores e Empregados","93305","88352","88352","88352"
"191","2008","Agência Espacial Brasileira","Nacional de Atividades Espaciais - Pnae","Desenvolvimento do Satélite Sino-Brasileiro - Projeto CBERS-4","7200000","7193860","5341196","5339656"
"199","2008","Agência Espacial Brasileira","Nacional de Atividades Espaciais - Pnae","Gestão e Administração do Programa","11036875","9984818","7271477","7271477"
"200","2008","Agência Espacial Brasileira","Nacional de Atividades Espaciais - Pnae","Funcionamento da Infra-Estrutura de Apoio às Atividades Espaciais","14242574","14187201","4679994","4660918"
"187","2008","Agência Espacial Brasileira","Nacional de Atividades Espaciais - Pnae","Desenvolvimento do Satélite do Programa Internacional de Medidas de Precipitação - GPM-Br","1000000","999271","396064","396064"
"182","2008","Agência Espacial Brasileira","PREVIDÊNCIA DE INATIVOS E PENSIONISTAS DA UNIÃO","Pagamento de Aposentadorias e Pensões - Servidores Civis","87250","81587","81587","81587"
"203","2008","Agência Espacial Brasileira","Nacional de Atividades Espaciais - Pnae","Pesquisa em Ciência Espacial","2100000","2099647","1357837","1355497"
"190","2008","Agência Espacial Brasileira","Nacional de Atividades Espaciais - Pnae","Desenvolvimento do Satélite Sino-Brasileiro - Projeto CBERS-3","47280786","47280188","40256333","40010834"
"212","2008","Agência Espacial Brasileira","Gestão da Participação em Organismos Internacionais","Contribuição a International Astronautical Federation - IAF","6500","3747","3747","3747"
"193","2008","Agência Espacial Brasileira","Nacional de Atividades Espaciais - Pnae","Estudos para a implantação do Centro Espacial de Alcântara - CEA","40000000","39847760","0","0"
"194","2008","Agência Espacial Brasileira","Nacional de Atividades Espaciais - Pnae","Assistência Médica e Odontológica aos Servidores, Empregados e seus Dependentes","26769","25741","25741","25741"
"201","2008","Agência Espacial Brasileira","Nacional de Atividades Espaciais - Pnae","Capacitação de Especialistas do Setor Espacial","108000","81062","31062","31062"
"206","2008","Agência Espacial Brasileira","Nacional de Atividades Espaciais - Pnae","Desenvolvimento e Lançamento de Satélites Tecnológicos de Pequeno Porte","1760000","1759591","1588443","1588443"
"186","2008","Agência Espacial Brasileira","Nacional de Atividades Espaciais - Pnae","Desenvolvimento do Satélite Lattes","1500000","1494596","900921","900921"
"222","2009","Agência Espacial Brasileira","Nacional de Atividades Espaciais - Pnae","Desenvolvimento do Satélite Sino-Brasileiro - Projeto CBERS-3","56998839","56992553","51701036","51689971"
"225","2009","Agência Espacial Brasileira","Nacional de Atividades Espaciais - Pnae","Assistência Médica e Odontológica aos Servidores, Empregados e seus Dependentes","26149","23720","23720","23720"
"232","2009","Agência Espacial Brasileira","Nacional de Atividades Espaciais - Pnae","Capacitação de Especialistas do Setor Espacial","378000","325889","40390","40390"
"236","2009","Agência Espacial Brasileira","Nacional de Atividades Espaciais - Pnae","Desenvolvimento e Lançamento de Satélites Tecnológicos de Pequeno Porte","1760000","1228961","569113","569113"
"218","2009","Agência Espacial Brasileira","Nacional de Atividades Espaciais - Pnae","Desenvolvimento do Satélite Lattes","2500000","2499802","2272748","2261416"
"229","2009","Agência Espacial Brasileira","Nacional de Atividades Espaciais - Pnae","Funcionamento e Atualização do Laboratório de Integração e Testes","2500000","2500000","1731855","1731855"
"221","2009","Agência Espacial Brasileira","Nacional de Atividades Espaciais - Pnae","Desenvolvimento do Satélite Amazônia-1","30800000","30799923","28936607","28931584"
"239","2009","Agência Espacial Brasileira","Nacional de Atividades Espaciais - Pnae","Desenvolvimento de Veículos Lançadores de Satélites","31706054","27948800","4817377","4817377"
"241","2009","Agência Espacial Brasileira","Nacional de Atividades Espaciais - Pnae","Pesquisa e Desenvolvimento em Tecnologias Associadas a Veículos Espaciais","11572273","8716860","831758","831017"
"238","2009","Agência Espacial Brasileira","Nacional de Atividades Espaciais - Pnae","Desenvolvimento de Produtos e Processos Inovadores para o Setor Espacial","4188000","4187244","3519291","3519291"
"237","2009","Agência Espacial Brasileira","Nacional de Atividades Espaciais - Pnae","Pesquisa e Aplicações de Dados de Satélites de Observação da Terra","2545000","2538663","2127950","2127950"
"226","2009","Agência Espacial Brasileira","Nacional de Atividades Espaciais - Pnae","Assistência Pré-escolar aos Dependentes dos Servidores e Empregados","7918","6973","6973","6973"
"235","2009","Agência Espacial Brasileira","Nacional de Atividades Espaciais - Pnae","Apoio a Projetos de Pesquisa e Desenvolvimento no Setor Espacial","2160000","2160000","0","0"
"217","2009","Agência Espacial Brasileira","Nacional de Atividades Espaciais - Pnae","Contribuição da União, de suas Autarquias e Fundações para o Custeio do Regime de Previdência dos Servidores Públicos Federais","37195","30084","30084","30084"
"240","2009","Agência Espacial Brasileira","Nacional de Atividades Espaciais - Pnae","Desenvolvimento e Lançamento de Foguetes de Sondagem","3411074","1684979","199931","196208"
"215","2009","Agência Espacial Brasileira","Nacional de Atividades Espaciais - Pnae","Desenvolvimento de Satélites de Comunicação e Meteorologia","200000","0","0","0"
"214","2009","Agência Espacial Brasileira","Nacional de Atividades Espaciais - Pnae","Implantação do Sistema de Metrologia, Normalização e Certificação para a Área Espacial","900000","808716","381378","381378"
"234","2009","Agência Espacial Brasileira","Nacional de Atividades Espaciais - Pnae","Controle de Satélites, Recepção, Geração, Armazenamento e Distribuição de Dados","7035000","7032130","5250461","5247092"
"220","2009","Agência Espacial Brasileira","Nacional de Atividades Espaciais - Pnae","Desenvolvimento do Satélite de Sensoriamento Remoto com Imageador Radar - MAPSAR","7000000","6999937","6991877","6991877"
"227","2009","Agência Espacial Brasileira","Nacional de Atividades Espaciais - Pnae","Auxílio-Transporte aos Servidores e Empregados","31460","22751","22751","22751"
"223","2009","Agência Espacial Brasileira","Nacional de Atividades Espaciais - Pnae","Desenvolvimento do Satélite Sino-Brasileiro - Projeto CBERS-4","7000000","6999684","6605450","6605450"
"228","2009","Agência Espacial Brasileira","Nacional de Atividades Espaciais - Pnae","Auxílio-Alimentação aos Servidores e Empregados","101640","91414","91414","91414"
"216","2009","Agência Espacial Brasileira","Nacional de Atividades Espaciais - Pnae","Implantação do Centro Espacial de Alcântara - CEA","100000000","92681934","6051881","6027256"
"230","2009","Agência Espacial Brasileira","Nacional de Atividades Espaciais - Pnae","Gestão e Administração do Programa","11042427","10956554","7826117","7826117"
"231","2009","Agência Espacial Brasileira","Nacional de Atividades Espaciais - Pnae","Funcionamento da Infra-Estrutura de Apoio às Atividades Espaciais","17684835","15622543","5791228","5702462"
"224","2009","Agência Espacial Brasileira","Nacional de Atividades Espaciais - Pnae","Assistência Médica aos Servidores e Empregados - Exames Periódicos","1000","0","0","0"
"213","2009","Agência Espacial Brasileira","PREVIDÊNCIA DE INATIVOS E PENSIONISTAS DA UNIÃO","Pagamento de Aposentadorias e Pensões - Servidores Civis","98885","96848","96848","96848"
"233","2009","Agência Espacial Brasileira","Nacional de Atividades Espaciais - Pnae","Pesquisa em Ciência Espacial","2100000","2094364","1188480","1188480"
"219","2009","Agência Espacial Brasileira","Nacional de Atividades Espaciais - Pnae","Desenvolvimento do Satélite do Programa Internacional de Medidas de Precipitação - GPM-Br","2000000","1999939","1684171","1684171"
"261","2010","Agência Espacial Brasileira","Nacional de Atividades Espaciais - Pnae","Funcionamento da Infra-Estrutura de Apoio às Atividades Espaciais","22241229","21063377","6550417","6549247"
"254","2010","Agência Espacial Brasileira","Nacional de Atividades Espaciais - Pnae","Assistência Médica aos Servidores e Empregados - Exames Periódicos","5418","4251","4251","4251"
"260","2010","Agência Espacial Brasileira","Nacional de Atividades Espaciais - Pnae","Gestão e Administração do Programa","17207068","15595942","11965988","11965988"
"262","2010","Agência Espacial Brasileira","Nacional de Atividades Espaciais - Pnae","Pesquisa em Ciência Espacial","3100000","3091287","756297","721297"
"248","2010","Agência Espacial Brasileira","Nacional de Atividades Espaciais - Pnae","Desenvolvimento do Satélite do Programa Internacional de Medidas de Precipitação - GPM-Br","2000000","1999587","235335","235335"
"242","2010","Agência Espacial Brasileira","PREVIDÊNCIA DE INATIVOS E PENSIONISTAS DA UNIÃO","Pagamento de Aposentadorias e Pensões - Servidores Civis","106513","104545","104545","104545"
"251","2010","Agência Espacial Brasileira","Nacional de Atividades Espaciais - Pnae","Desenvolvimento do Satélite Sino-Brasileiro - Projeto CBERS-3","67700000","67700000","40401759","40356409"
"255","2010","Agência Espacial Brasileira","Nacional de Atividades Espaciais - Pnae","Assistência Médica e Odontológica aos Servidores, Empregados e seus Dependentes","47620","42337","42337","42337"
"247","2010","Agência Espacial Brasileira","Nacional de Atividades Espaciais - Pnae","Desenvolvimento do Satélite Lattes","5000000","4999336","2986360","2986360"
"265","2010","Agência Espacial Brasileira","Nacional de Atividades Espaciais - Pnae","Desenvolvimento e Lançamento de Satélites Tecnológicos de Pequeno Porte","1760000","1753408","1753408","1753408"
"259","2010","Agência Espacial Brasileira","Nacional de Atividades Espaciais - Pnae","Funcionamento e Atualização do Laboratório de Integração e Testes","3500000","3498867","1480121","1480121"
"268","2010","Agência Espacial Brasileira","Nacional de Atividades Espaciais - Pnae","Desenvolvimento de Veículos Lançadores de Satélites","32700000","27114345","3038794","2850869"
"250","2010","Agência Espacial Brasileira","Nacional de Atividades Espaciais - Pnae","Desenvolvimento do Satélite Amazônia-1","40000000","39993824","16568950","16568950"
"270","2010","Agência Espacial Brasileira","Nacional de Atividades Espaciais - Pnae","Pesquisa e Desenvolvimento em Tecnologias Associadas a Veículos Espaciais","11700000","6664018","1840026","1828462"
"267","2010","Agência Espacial Brasileira","Nacional de Atividades Espaciais - Pnae","Desenvolvimento de Produtos e Processos Inovadores para o Setor Espacial","5000000","4961377","1627869","1617869"
"266","2010","Agência Espacial Brasileira","Nacional de Atividades Espaciais - Pnae","Pesquisa e Aplicações de Dados de Satélites de Observação da Terra","2545000","2544054","944086","874786"
"256","2010","Agência Espacial Brasileira","Nacional de Atividades Espaciais - Pnae","Assistência Pré-escolar aos Dependentes dos Servidores e Empregados","7980","7363","7363","7363"
"245","2010","Agência Espacial Brasileira","Nacional de Atividades Espaciais - Pnae","Implantação do Complexo Espacial de Alcântara - CEA","35100000","33700323","2112854","2112854"
"253","2010","Agência Espacial Brasileira","Nacional de Atividades Espaciais - Pnae","Capacitação de Especialistas do Sistema Nacional de Desenvolvimento das Atividades Espaciais","1000000","447000","447000","447000"
"264","2010","Agência Espacial Brasileira","Nacional de Atividades Espaciais - Pnae","Apoio a Projetos de Pesquisa e Desenvolvimento no Setor Espacial","2350000","2340000","2201000","2201000"
"246","2010","Agência Espacial Brasileira","Nacional de Atividades Espaciais - Pnae","Contribuição da União, de suas Autarquias e Fundações para o Custeio do Regime de Previdência dos Servidores Públicos Federais","41904","29997","29997","29997"
"269","2010","Agência Espacial Brasileira","Nacional de Atividades Espaciais - Pnae","Desenvolvimento e Lançamento de Foguetes de Sondagem","3500000","1830310","636519","624306"
"244","2010","Agência Espacial Brasileira","Nacional de Atividades Espaciais - Pnae","Desenvolvimento de Satélites de Comunicação e Meteorologia","200000","200000","200000","200000"
"243","2010","Agência Espacial Brasileira","Nacional de Atividades Espaciais - Pnae","Implantação do Sistema de Metrologia, Normalização e Certificação para a Área Espacial","3400000","1785326","459709","454051"
"263","2010","Agência Espacial Brasileira","Nacional de Atividades Espaciais - Pnae","Controle de Satélites, Recepção, Geração, Armazenamento e Distribuição de Dados","11200000","11199444","7089208","7079208"
"249","2010","Agência Espacial Brasileira","Nacional de Atividades Espaciais - Pnae","Desenvolvimento do Satélite de Sensoriamento Remoto com Imageador Radar - MAPSAR","8570000","8568359","5677544","5677544"
"257","2010","Agência Espacial Brasileira","Nacional de Atividades Espaciais - Pnae","Auxílio-Transporte aos Servidores e Empregados","23704","21789","21789","21789"
"252","2010","Agência Espacial Brasileira","Nacional de Atividades Espaciais - Pnae","Desenvolvimento do Satélite Sino-Brasileiro - Projeto CBERS-4","7000000","6928186","3886442","3886442"
"258","2010","Agência Espacial Brasileira","Nacional de Atividades Espaciais - Pnae","Auxílio-Alimentação aos Servidores e Empregados","178295","174495","174495","174495"
"287","2011","Agência Espacial Brasileira","Nacional de Atividades Espaciais - Pnae","Auxílio-Transporte aos Servidores e Empregados","28708","21371","21371","21371"
"281","2011","Agência Espacial Brasileira","Nacional de Atividades Espaciais - Pnae","Desenvolvimento do Satélite Sino-Brasileiro - Projeto CBERS-4","14130000","11741724","2429771","1965750"
"288","2011","Agência Espacial Brasileira","Nacional de Atividades Espaciais - Pnae","Auxílio-Alimentação aos Servidores e Empregados","178944","176596","176596","176596"
"282","2011","Agência Espacial Brasileira","Nacional de Atividades Espaciais - Pnae","Implantação de Planetários e Laboratórios para Difusão da Cultura Espacial","450000","0","0","0"
"284","2011","Agência Espacial Brasileira","Nacional de Atividades Espaciais - Pnae","Assistência Médica aos Servidores e Empregados - Exames Periódicos","5418","0","0","0"
"290","2011","Agência Espacial Brasileira","Nacional de Atividades Espaciais - Pnae","Gestão e Administração do Programa","18939273","16407262","11231905","11231905"
"292","2011","Agência Espacial Brasileira","Nacional de Atividades Espaciais - Pnae","Pesquisa em Ciência Espacial","3100000","2174833","607743","607743"
"277","2011","Agência Espacial Brasileira","Nacional de Atividades Espaciais - Pnae","Desenvolvimento do Satélite do Programa Internacional de Medidas de Precipitação - GPM-Br","2000000","2000000","0","0"
"291","2011","Agência Espacial Brasileira","Nacional de Atividades Espaciais - Pnae","Funcionamento da Infraestrutura de Apoio às Atividades Espaciais","21464106","18698349","7463825","6540545"
"271","2011","Agência Espacial Brasileira","PREVIDÊNCIA DE INATIVOS E PENSIONISTAS DA UNIÃO","Pagamento de Aposentadorias e Pensões - Servidores Civis","117033","115425","115425","115425"
"280","2011","Agência Espacial Brasileira","Nacional de Atividades Espaciais - Pnae","Desenvolvimento do Satélite Sino-Brasileiro - Projeto CBERS-3","54000000","52268088","22790262","21141897"
"285","2011","Agência Espacial Brasileira","Nacional de Atividades Espaciais - Pnae","Assistência Médica e Odontológica aos Servidores, Empregados e seus Dependentes","47532","44193","44193","44193"
"276","2011","Agência Espacial Brasileira","Nacional de Atividades Espaciais - Pnae","Desenvolvimento do Satélite Lattes","9270000","9210792","4764009","2870916"
"295","2011","Agência Espacial Brasileira","Nacional de Atividades Espaciais - Pnae","Desenvolvimento e Lançamento de Satélites Tecnológicos de Pequeno Porte","1584000","1529749","1529749","1529749"
"289","2011","Agência Espacial Brasileira","Nacional de Atividades Espaciais - Pnae","Funcionamento e Atualização do Laboratório de Integração e Testes","3500000","2699843","716889","334702"
"298","2011","Agência Espacial Brasileira","Nacional de Atividades Espaciais - Pnae","Desenvolvimento de Veículos Lançadores de Satélites","16230000","16296191","4568616","2884360"
"279","2011","Agência Espacial Brasileira","Nacional de Atividades Espaciais - Pnae","Desenvolvimento do Satélite Amazônia-1","37144299","37075692","17838461","16929158"
"300","2011","Agência Espacial Brasileira","Nacional de Atividades Espaciais - Pnae","Pesquisa e Desenvolvimento em Tecnologias Associadas a Veículos Espaciais","6030000","4580444","689155","689155"
"297","2011","Agência Espacial Brasileira","Nacional de Atividades Espaciais - Pnae","Desenvolvimento de Produtos e Processos Inovadores para o Setor Espacial","5000000","4820939","2717234","2715298"
"296","2011","Agência Espacial Brasileira","Nacional de Atividades Espaciais - Pnae","Pesquisa e Aplicações de Dados de Satélites de Observação da Terra","2545000","2387605","1483711","1483711"
"286","2011","Agência Espacial Brasileira","Nacional de Atividades Espaciais - Pnae","Assistência Pré-escolar aos Dependentes dos Servidores e Empregados","8356","7975","7975","7975"
"274","2011","Agência Espacial Brasileira","Nacional de Atividades Espaciais - Pnae","Implantação do Complexo Espacial de Alcântara - CEA","39700000","39688851","27756529","27648569"
"283","2011","Agência Espacial Brasileira","Nacional de Atividades Espaciais - Pnae","Capacitação de Especialistas do Sistema Nacional de Desenvolvimento das Atividades Espaciais","900000","100000","0","0"
"294","2011","Agência Espacial Brasileira","Nacional de Atividades Espaciais - Pnae","Apoio a Projetos de Pesquisa e Desenvolvimento no Setor Espacial","2174000","2173380","2173380","2173380"
"275","2011","Agência Espacial Brasileira","Nacional de Atividades Espaciais - Pnae","Contribuição da União, de suas Autarquias e Fundações para o Custeio do Regime de Previdência dos Servidores Públicos Federais","43347","34032","34032","34032"
"273","2011","Agência Espacial Brasileira","Nacional de Atividades Espaciais - Pnae","Desenvolvimento de Satélites de Comunicação e Meteorologia","200000","200000","200000","200000"
"299","2011","Agência Espacial Brasileira","Nacional de Atividades Espaciais - Pnae","Desenvolvimento e Lançamento de Foguetes de Sondagem","3150000","2570436","1624259","764894"
"272","2011","Agência Espacial Brasileira","Nacional de Atividades Espaciais - Pnae","Implantação do Sistema de Metrologia, Normalização e Certificação para a Área Espacial","3060000","1626494","445578","445578"
"293","2011","Agência Espacial Brasileira","Nacional de Atividades Espaciais - Pnae","Controle de Satélites, Recepção, Geração, Armazenamento e Distribuição de Dados","11200000","10922626","5980567","5980567"
"278","2011","Agência Espacial Brasileira","Nacional de Atividades Espaciais - Pnae","Desenvolvimento do Satélite de Sensoriamento Remoto com Imageador Radar - MAPSAR","3600000","3600000","0","0"
"303","2012","Agência Espacial Brasileira","Política Espacial","Desenvolvimento de Satélites de Comunicação e Meteorologia","1000000","0","0","0"
"317","2012","Agência Espacial Brasileira","Política Espacial","Pesquisa e Desenvolvimento de Tecnologias para o Setor Espacial","5464952","0","0","0"
"302","2012","Agência Espacial Brasileira","Política Espacial","Implantação do Sistema de Metrologia, Normalização e Certificação para a Área Espacial","3600000","2078646","304087","303551"
"322","2012","Agência Espacial Brasileira","Política Espacial","Controle de Satélites, Recepção, Geração, Armazenamento e Distribuição de Dados","11200000","8482809","5076170","4606331"
"313","2012","Agência Espacial Brasileira","Política Espacial","Concepção e Análise de Viabilidade de Novas Missões Espaciais","4000000","2019739","1079523","1079523"
"325","2012","Agência Espacial Brasileira","Política Espacial","Pesquisa, Aplicações e Desenvolvimento Tecnológico com Dados de Satélites de Observação da Terra","2545000","989052","787572","787572"
"336","2012","Agência Espacial Brasileira","Programa de Gestão e Manutenção do Ministério da Ciência, Tecnologia e Inovação","Auxílio-Transporte aos Servidores e Empregados","30000","19727","19727","19727"
"337","2012","Agência Espacial Brasileira","Programa de Gestão e Manutenção do Ministério da Ciência, Tecnologia e Inovação","Auxílio-Alimentação aos Servidores e Empregados","180000","174855","174855","174855"
"310","2012","Agência Espacial Brasileira","Política Espacial","Desenvolvimento do Satélite Sino-Brasileiro - Projeto CBERS-4","52624098","31384697","24007889","23612827"
"314","2012","Agência Espacial Brasileira","Política Espacial","Pesquisa e Desenvolvimento no Sistema Científico Brasileiro de Previsão do Clima Espacial","200000","85630","0","0"
"326","2012","Agência Espacial Brasileira","Política Espacial","Desenvolvimento de Produtos e Processos para Componentes e Subsistemas de Satélites","5000000","3068764","1993028","1993028"
"318","2012","Agência Espacial Brasileira","Política Espacial","Desenvolvimento e Lançamento de Satélites","18956240","0","0","0"
"333","2012","Agência Espacial Brasileira","Programa de Gestão e Manutenção do Ministério da Ciência, Tecnologia e Inovação","Administração da Unidade","17688025","11772534","6914008","6884423"
"331","2012","Agência Espacial Brasileira","Programa de Gestão e Manutenção do Ministério da Ciência, Tecnologia e Inovação","Assistência Médica aos Servidores e Empregados - Exames Periódicos","5418","0","0","0"
"315","2012","Agência Espacial Brasileira","Política Espacial","Desenvolvimento, Manutenção e Atualização da Infraestrutura Espacial","3910848","0","0","0"
"328","2012","Agência Espacial Brasileira","Política Espacial","Desenvolvimento e Lançamento de Foguetes Suborbitais","3500000","995605","962934","962934"
"306","2012","Agência Espacial Brasileira","Política Espacial","Desenvolvimento do Satélite de Medida de Precipitação","200000","200000","0","0"
"301","2012","Agência Espacial Brasileira","PREVIDÊNCIA DE INATIVOS E PENSIONISTAS DA UNIÃO","Pagamento de Aposentadorias e Pensões - Servidores Civis","124400","119516","119516","119516"
"309","2012","Agência Espacial Brasileira","Política Espacial","Desenvolvimento do Satélite Sino-Brasileiro - Projeto CBERS-3","3000000","2425728","2385728","2338551"
"334","2012","Agência Espacial Brasileira","Programa de Gestão e Manutenção do Ministério da Ciência, Tecnologia e Inovação","Assistência Médica e Odontológica aos Servidores, Empregados e seus Dependentes","45600","43738","43738","43738"
"330","2012","Agência Espacial Brasileira","Programa de Gestão e Manutenção do Ministério da Ciência, Tecnologia e Inovação","Contribuição da União para o Custeio do Regime de Previdência dos Servidores Públicos Federais","43333","39342","39342","39342"
"305","2012","Agência Espacial Brasileira","Política Espacial","Desenvolvimento do Satélite Lattes","6000000","5998695","3624028","3540618"
"324","2012","Agência Espacial Brasileira","Política Espacial","Desenvolvimento e Lançamento de Satélites Tecnológicos de Pequeno Porte","5000000","3723104","3723104","3723104"
"307","2012","Agência Espacial Brasileira","Política Espacial","Desenvolvimento de Satélite Radar","200000","200000","200000","200000"
"319","2012","Agência Espacial Brasileira","Política Espacial","Funcionamento e Atualização do Laboratório de Integração e Testes","3500000","1952100","1457977","1457977"
"320","2012","Agência Espacial Brasileira","Política Espacial","Funcionamento e Atualização da Infraestrutura de Apoio a Veículos Espaciais","24684408","16714374","10313953","10173009"
"327","2012","Agência Espacial Brasileira","Política Espacial","Desenvolvimento de Veículos Lançadores de Satélites","25557530","25404101","18536576","18276474"
"308","2012","Agência Espacial Brasileira","Política Espacial","Desenvolvimento do Satélite Amazônia-1","40485500","29362415","17115293","16959557"
"316","2012","Agência Espacial Brasileira","Política Espacial","Desenvolvimento e Lançamento de Foguetes Suborbitais e de Veículos Lançadores de Satélites","1023016","0","0","0"
"332","2012","Agência Espacial Brasileira","Programa de Gestão e Manutenção do Ministério da Ciência, Tecnologia e Inovação","Pagamento de Pessoal Ativo da União","3980849","3621026","3621026","3621026"
"311","2012","Agência Espacial Brasileira","Política Espacial","Desenvolvimento do Satélite Sabia-Mar","200000","200000","200000","200000"
"321","2012","Agência Espacial Brasileira","Política Espacial","Pesquisa e Desenvolvimento em Aeronomia, Astrofísica Instrumental e Geofísica Espacial","5000000","2561193","1578637","1578637"
"329","2012","Agência Espacial Brasileira","Política Espacial","Pesquisa e Desenvolvimento em Tecnologias Associadas a Veículos Espaciais","10000000","6823157","4698233","4698233"
"335","2012","Agência Espacial Brasileira","Programa de Gestão e Manutenção do Ministério da Ciência, Tecnologia e Inovação","Assistência Pré-escolar aos Dependentes dos Servidores e Empregados","8400","6622","6622","6622"
"304","2012","Agência Espacial Brasileira","Política Espacial","Implantação do Complexo Espacial de Alcântara - CEA","140577940","111986295","24287934","24287444"
"312","2012","Agência Espacial Brasileira","Política Espacial","Desenvolvimento de Competências e Capital Humano para o Setor Espacial","3000000","2523986","1097500","1097500"
"323","2012","Agência Espacial Brasileira","Política Espacial","Apoio a Projetos de Pesquisa e Desenvolvimento de Tecnologias Críticas para o Setor Espacial","5000000","3200000","3200000","3200000"
"339","2013","Agência Espacial Brasileira","Política Espacial","Implantação do Complexo Espacial de Alcântara - CEA","90699455","86701211","25255620","25255620"
"347","2013","Agência Espacial Brasileira","Programa de Gestão e Manutenção do Ministério da Ciência, Tecnologia e Inovação","Assistência Médica e Odontológica aos Servidores Civis, Empregados, Militares e seus Dependentes","53432","48723","42091","42091"
"342","2013","Agência Espacial Brasileira","Política Espacial","Pesquisa e Desenvolvimento de Tecnologias para o Setor Espacial","38647000","35781404","21475947","21453401"
"348","2013","Agência Espacial Brasileira","Programa de Gestão e Manutenção do Ministério da Ciência, Tecnologia e Inovação","Assistência Pré-Escolar aos Dependentes dos Servidores Civis, Empregados e Militares","8400","3857","3857","3857"
"349","2013","Agência Espacial Brasileira","Programa de Gestão e Manutenção do Ministério da Ciência, Tecnologia e Inovação","Auxílio-Transporte aos Servidores Civis, Empregados e Militares","22800","18618","18618","18618"
"343","2013","Agência Espacial Brasileira","Política Espacial","Desenvolvimento e Lançamento de Satélites","87705598","86881697","37325746","37042210"
"346","2013","Agência Espacial Brasileira","Programa de Gestão e Manutenção do Ministério da Ciência, Tecnologia e Inovação","Administração da Unidade","16039629","14368812","9399114","9344923"
"350","2013","Agência Espacial Brasileira","Programa de Gestão e Manutenção do Ministério da Ciência, Tecnologia e Inovação","Auxílio-Alimentação aos Servidores Civis, Empregados e Militares","239000","227998","227998","227998"
"340","2013","Agência Espacial Brasileira","Política Espacial","Desenvolvimento, Manutenção e Atualização da Infraestrutura Espacial","34162192","31628538","17227880","16793505"
"338","2013","Agência Espacial Brasileira","PREVIDÊNCIA DE INATIVOS E PENSIONISTAS DA UNIÃO","Pagamento de Aposentadorias e Pensões - Servidores Civis","155524","151684","151684","151542"
"341","2013","Agência Espacial Brasileira","Política Espacial","Desenvolvimento e Lançamento de Foguetes Suborbitais e de Veículos Lançadores de Satélites","28253078","26521060","25199516","24985413"
"345","2013","Agência Espacial Brasileira","Programa de Gestão e Manutenção do Ministério da Ciência, Tecnologia e Inovação","Pagamento de Pessoal Ativo da União","3951964","3633789","3633789","3579360"
"344","2013","Agência Espacial Brasileira","Programa de Gestão e Manutenção do Ministério da Ciência, Tecnologia e Inovação","Contribuição da União, de suas Autarquias e Fundações para o Custeio do Regime de Previdência dos Servidores Públicos Federais","47000","40252","40252","40252"
"351","2014","Ministério da Ciência, Tecnologia, Inovações e Comunicações","PREVIDÊNCIA DE INATIVOS E PENSIONISTAS DA UNIÃO","Pagamento de Aposentadorias e Pensões - Servidores Civis","318678","294080","294080","294080"
"364","2014","Ministério da Ciência, Tecnologia, Inovações e Comunicações","Programa de Gestão e Manutenção do Ministério da Ciência, Tecnologia e Inovação","Auxílio-Alimentação aos Servidores Civis, Empregados e Militares","260000","246970","246970","246970"
"356","2014","Ministério da Ciência, Tecnologia, Inovações e Comunicações","Política Espacial","Desenvolvimento e Lançamento de Satélites","91882598","83689796","45778590","44332792"
"355","2014","Ministério da Ciência, Tecnologia, Inovações e Comunicações","Política Espacial","Pesquisa e Desenvolvimento de Tecnologias para o Setor Espacial","35472000","31127742","13611209","13496073"
"363","2014","Ministério da Ciência, Tecnologia, Inovações e Comunicações","Programa de Gestão e Manutenção do Ministério da Ciência, Tecnologia e Inovação","Auxílio-Transporte aos Servidores Civis, Empregados e Militares","30000","29024","29024","29024"
"359","2014","Ministério da Ciência, Tecnologia, Inovações e Comunicações","Programa de Gestão e Manutenção do Ministério da Ciência, Tecnologia e Inovação","Pagamento de Pessoal Ativo da União","4396694","4129884","4129884","4129884"
"353","2014","Ministério da Ciência, Tecnologia, Inovações e Comunicações","Política Espacial","Desenvolvimento, Manutenção e Atualização da Infraestrutura Espacial","33160192","31687528","15119747","14225841"
"352","2014","Ministério da Ciência, Tecnologia, Inovações e Comunicações","Política Espacial","Implantação do Centro Espacial de Alcântara - CEA","90699455","56192599","896949","896949"
"357","2014","Ministério da Ciência, Tecnologia, Inovações e Comunicações","Programa de Gestão e Manutenção do Ministério da Ciência, Tecnologia e Inovação","Benefícios Assistenciais decorrentes do Auxílio-Funeral e Natalidade","20000","0","0","0"
"362","2014","Ministério da Ciência, Tecnologia, Inovações e Comunicações","Programa de Gestão e Manutenção do Ministério da Ciência, Tecnologia e Inovação","Assistência Pré-Escolar aos Dependentes dos Servidores Civis, Empregados e Militares","7200","4204","4204","4204"
"361","2014","Ministério da Ciência, Tecnologia, Inovações e Comunicações","Programa de Gestão e Manutenção do Ministério da Ciência, Tecnologia e Inovação","Assistência Médica e Odontológica aos Servidores Civis, Empregados, Militares e seus Dependentes","77796","76136","76136","76136"
"354","2014","Ministério da Ciência, Tecnologia, Inovações e Comunicações","Política Espacial","Desenvolvimento e Lançamento de Foguetes Suborbitais e de Veículos Lançadores de Satélites","28253078","28561132","13362553","13362553"
"360","2014","Ministério da Ciência, Tecnologia, Inovações e Comunicações","Programa de Gestão e Manutenção do Ministério da Ciência, Tecnologia e Inovação","Administração da Unidade","16039629","14450738","8004785","7975805"
"358","2014","Ministério da Ciência, Tecnologia, Inovações e Comunicações","Programa de Gestão e Manutenção do Ministério da Ciência, Tecnologia e Inovação","Contribuição da União, de suas Autarquias e Fundações para o Custeio do Regime de Previdência dos Servidores Públicos Federais","61000","46169","46169","46169"
"369","2015","Ministério da Ciência, Tecnologia, Inovações e Comunicações","Política Espacial","Desenvolvimento e Lançamento de Foguetes Suborbitais e de Veículos Lançadores de Satélites","39953078","37264765","867458","867272"
"376","2015","Ministério da Ciência, Tecnologia, Inovações e Comunicações","Programa de Gestão e Manutenção do Ministério da Ciência, Tecnologia e Inovação","Administração da Unidade","18116113","16845204","9433084","9164139"
"374","2015","Ministério da Ciência, Tecnologia, Inovações e Comunicações","Programa de Gestão e Manutenção do Ministério da Ciência, Tecnologia e Inovação","Contribuição da União, de suas Autarquias e Fundações para o Custeio do Regime de Previdência dos Servidores Públicos Federais","75000","57734","57734","57734"
"365","2015","Ministério da Ciência, Tecnologia, Inovações e Comunicações","PREVIDÊNCIA DE INATIVOS E PENSIONISTAS DA UNIÃO","Pagamento de Aposentadorias e Pensões - Servidores Civis","388500","363494","363494","363494"
"380","2015","Ministério da Ciência, Tecnologia, Inovações e Comunicações","Programa de Gestão e Manutenção do Ministério da Ciência, Tecnologia e Inovação","Auxílio-Alimentação aos Servidores Civis, Empregados e Militares","264000","240263","240263","240263"
"366","2015","Ministério da Ciência, Tecnologia, Inovações e Comunicações","Operações Especiais: Gestão da Participação em Organismos e Entidades Nacionais e Internacionais","Contribuição à Federação Internacional de Astronáutica - FIA (MCTI)","10000","0","0","0"
"371","2015","Ministério da Ciência, Tecnologia, Inovações e Comunicações","Política Espacial","Desenvolvimento e Lançamento de Satélites","70894698","57374013","19625811","16641083"
"370","2015","Ministério da Ciência, Tecnologia, Inovações e Comunicações","Política Espacial","Pesquisa e Desenvolvimento de Tecnologias para o Setor Espacial","50309265","43540503","13237200","12945831"
"379","2015","Ministério da Ciência, Tecnologia, Inovações e Comunicações","Programa de Gestão e Manutenção do Ministério da Ciência, Tecnologia e Inovação","Auxílio-Transporte aos Servidores Civis, Empregados e Militares","33600","28128","28128","28128"
"372","2015","Ministério da Ciência, Tecnologia, Inovações e Comunicações","Política Espacial","Implementação do Plano de Absorção e Transferência de Tecnologia no Âmbito do Satélite Geoestacionário de Defesa e Comunicações Estratégicas (SGDC)","17720000","16493000","0","0"
"375","2015","Ministério da Ciência, Tecnologia, Inovações e Comunicações","Programa de Gestão e Manutenção do Ministério da Ciência, Tecnologia e Inovação","Pagamento de Pessoal Ativo da União","4439647","4220099","4220099","4220099"
"368","2015","Ministério da Ciência, Tecnologia, Inovações e Comunicações","Política Espacial","Desenvolvimento, Manutenção e Atualização da Infraestrutura Espacial","32074571","30006983","14996242","12431600"
"367","2015","Ministério da Ciência, Tecnologia, Inovações e Comunicações","Política Espacial","Implantação do Centro Espacial de Alcântara - CEA","15000000","14548967","1417154","1031500"
"373","2015","Ministério da Ciência, Tecnologia, Inovações e Comunicações","Programa de Gestão e Manutenção do Ministério da Ciência, Tecnologia e Inovação","Benefícios Assistenciais decorrentes do Auxílio-Funeral e Natalidade","21204","0","0","0"
"378","2015","Ministério da Ciência, Tecnologia, Inovações e Comunicações","Programa de Gestão e Manutenção do Ministério da Ciência, Tecnologia e Inovação","Assistência Pré-Escolar aos Dependentes dos Servidores Civis, Empregados e Militares","6000","3783","3783","3783"
"377","2015","Ministério da Ciência, Tecnologia, Inovações e Comunicações","Programa de Gestão e Manutenção do Ministério da Ciência, Tecnologia e Inovação","Assistência Médica e Odontológica aos Servidores Civis, Empregados, Militares e seus Dependentes","122520","110757","83678","83678"
"390","2016","Ministério da Ciência, Tecnologia, Inovações e Comunicações","Programa de Gestão e Manutenção do Ministério da Ciência, Tecnologia e Inovação","Pessoal Ativo da União","7112714","6676597","6676597","6676597"
"394","2016","Ministério da Ciência, Tecnologia, Inovações e Comunicações","Programa de Gestão e Manutenção do Ministério da Ciência, Tecnologia e Inovação","Assistência Pré-Escolar aos Dependentes dos Servidores Civis, Empregados e Militares","27393","23002","23002","23002"
"393","2016","Ministério da Ciência, Tecnologia, Inovações e Comunicações","Programa de Gestão e Manutenção do Ministério da Ciência, Tecnologia e Inovação","Assistência Médica e Odontológica aos Servidores Civis, Empregados, Militares e seus Dependentes","96000","74931","74931","74931"
"384","2016","Ministério da Ciência, Tecnologia, Inovações e Comunicações","Política Espacial","Desenvolvimento e Lançamento de Foguetes Suborbitais e de Veículos Lançadores de Satélites, com a Infraestrutura Associada","33257252","31400555","9517739","9305263"
"392","2016","Ministério da Ciência, Tecnologia, Inovações e Comunicações","Programa de Gestão e Manutenção do Ministério da Ciência, Tecnologia e Inovação","Administração da Unidade","13898178","10615683","7794737","7794737"
"389","2016","Ministério da Ciência, Tecnologia, Inovações e Comunicações","Programa de Gestão e Manutenção do Ministério da Ciência, Tecnologia e Inovação","Contribuição da União, de suas Autarquias e Fundações para o Custeio do Regime de Previdência dos Servidores Públicos Federais","1108000","1102640","1102640","1102640"
"396","2016","Ministério da Ciência, Tecnologia, Inovações e Comunicações","Programa de Gestão e Manutenção do Ministério da Ciência, Tecnologia e Inovação","Auxílio-Alimentação aos Servidores Civis, Empregados e Militares","464542","426206","426206","426206"
"382","2016","Ministério da Ciência, Tecnologia, Inovações e Comunicações","Operações Especiais: Gestão da Participação em Organismos e Entidades Nacionais e Internacionais","Contribuição à Federação Internacional de Astronáutica - FIA (MCTI)","10000","7751","7751","7751"
"391","2016","Ministério da Ciência, Tecnologia, Inovações e Comunicações","Programa de Gestão e Manutenção do Ministério da Ciência, Tecnologia e Inovação","Ajuda de Custo para Moradia ou Auxílio-Moradia a Agentes Públicos","106269","92988","92988","92988"
"385","2016","Ministério da Ciência, Tecnologia, Inovações e Comunicações","Política Espacial","Pesquisa e Desenvolvimento de Tecnologias para o Setor Espacial","25812000","14223901","8851786","8851304"
"395","2016","Ministério da Ciência, Tecnologia, Inovações e Comunicações","Programa de Gestão e Manutenção do Ministério da Ciência, Tecnologia e Inovação","Auxílio-Transporte aos Servidores Civis, Empregados e Militares","43360","41154","41154","41154"
"387","2016","Ministério da Ciência, Tecnologia, Inovações e Comunicações","Política Espacial","Implementação do Plano de Absorção e Transferência de Tecnologia no Âmbito do Satélite Geoestacionário de Defesa e Comunicações Estratégicas (SGDC)","17318872","14617233","264340","264340"
"386","2016","Ministério da Ciência, Tecnologia, Inovações e Comunicações","Política Espacial","Desenvolvimento, Lançamento e Operação de Satélites, com a Infraestutura Associada","46762638","42839303","26088632","26088632"
"381","2016","Ministério da Ciência, Tecnologia, Inovações e Comunicações","PREVIDÊNCIA DE INATIVOS E PENSIONISTAS DA UNIÃO","Aposentadorias e Pensões - Servidores Civis","397132","377903","377903","377903"
"388","2016","Ministério da Ciência, Tecnologia, Inovações e Comunicações","Programa de Gestão e Manutenção do Ministério da Ciência, Tecnologia e Inovação","Benefícios Assistenciais decorrentes do Auxílio-Funeral e Natalidade","21204","0","0","0"
"383","2016","Ministério da Ciência, Tecnologia, Inovações e Comunicações","Política Espacial","Implantação do Centro Espacial de Alcântara - CEA","7506490","7506490","898862","898862"
"403","2017","Ministério da Ciência, Tecnologia, Inovações e Comunicações","Política Espacial","Implementação do Plano de Absorção e Transferência de Tecnologia no Âmbito do Satélite Geoestacionário de Defesa e Comunicações Estratégicas - SGDC","2000000","0","0","0"
"397","2017","Ministério da Ciência, Tecnologia, Inovações e Comunicações","PREVIDÊNCIA DE INATIVOS E PENSIONISTAS DA UNIÃO","Aposentadorias e Pensões - Servidores Civis","432022","392874","392874","392874"
"398","2017","Ministério da Ciência, Tecnologia, Inovações e Comunicações","Operações Especiais: Gestão da Participação em Organismos e Entidades Nacionais e Internacionais","Contribuições a Organismos Internacionais sem Exigência de Programação Específica","8140","0","0","0"
"404","2017","Ministério da Ciência, Tecnologia, Inovações e Comunicações","Programa de Gestão e Manutenção do Ministério da Ciência, Tecnologia, Inovações e Comunicações","Benefícios Assistenciais decorrentes do Auxílio-Funeral e Natalidade","21204","0","0","0"
"399","2017","Ministério da Ciência, Tecnologia, Inovações e Comunicações","Política Espacial","Implantação do Centro Espacial de Alcântara - CEA","3007204","3007204","2097760","2097760"
"406","2017","Ministério da Ciência, Tecnologia, Inovações e Comunicações","Programa de Gestão e Manutenção do Ministério da Ciência, Tecnologia, Inovações e Comunicações","Pessoal Ativo da União","12111558","11910042","11910042","11910042"
"410","2017","Ministério da Ciência, Tecnologia, Inovações e Comunicações","Programa de Gestão e Manutenção do Ministério da Ciência, Tecnologia, Inovações e Comunicações","Assistência Pré-Escolar aos Dependentes dos Servidores Civis, Empregados e Militares","74448","60483","60483","60483"
"409","2017","Ministério da Ciência, Tecnologia, Inovações e Comunicações","Programa de Gestão e Manutenção do Ministério da Ciência, Tecnologia, Inovações e Comunicações","Assistência Médica e Odontológica aos Servidores Civis, Empregados, Militares e seus Dependentes","170843","163615","139688","139688"
"400","2017","Ministério da Ciência, Tecnologia, Inovações e Comunicações","Política Espacial","Desenvolvimento e Lançamento de Foguetes Suborbitais e de Veículos Lançadores de Satélites, com a Infraestrutura Associada","37605870","37490330","8774385","8622596"
"408","2017","Ministério da Ciência, Tecnologia, Inovações e Comunicações","Programa de Gestão e Manutenção do Ministério da Ciência, Tecnologia, Inovações e Comunicações","Administração da Unidade","18600770","15815921","8405987","8389296"
"405","2017","Ministério da Ciência, Tecnologia, Inovações e Comunicações","Programa de Gestão e Manutenção do Ministério da Ciência, Tecnologia, Inovações e Comunicações","Contribuição da União, de suas Autarquias e Fundações para o Custeio do Regime de Previdência dos Servidores Públicos Federais","1218406","1198554","1198554","1198554"
"412","2017","Ministério da Ciência, Tecnologia, Inovações e Comunicações","Programa de Gestão e Manutenção do Ministério da Ciência, Tecnologia, Inovações e Comunicações","Auxílio-Alimentação aos Servidores Civis, Empregados e Militares","643928","570246","570246","570246"
"402","2017","Ministério da Ciência, Tecnologia, Inovações e Comunicações","Política Espacial","Desenvolvimento, Lançamento e Operação de Satélites, com a Infraestrutura Associada","101442937","89415237","52151082","46653666"
"407","2017","Ministério da Ciência, Tecnologia, Inovações e Comunicações","Programa de Gestão e Manutenção do Ministério da Ciência, Tecnologia, Inovações e Comunicações","Ajuda de Custo para Moradia ou Auxílio-Moradia a Agentes Públicos","97889","60011","60011","60011"
"401","2017","Ministério da Ciência, Tecnologia, Inovações e Comunicações","Política Espacial","Pesquisa e Desenvolvimento de Tecnologias para o Setor Espacial","8728008","7845737","4129533","4116687"
"411","2017","Ministério da Ciência, Tecnologia, Inovações e Comunicações","Programa de Gestão e Manutenção do Ministério da Ciência, Tecnologia, Inovações e Comunicações","Auxílio-Transporte aos Servidores Civis, Empregados e Militares","64736","59665","59665","59665"
"419","2018","Ministério da Ciência, Tecnologia, Inovações e Comunicações","Política Espacial","Implementação do Plano de Absorção e Transferência de Tecnologia no Âmbito do Satélite Geoestacionário de Defesa e Comunicações Estratégicas - SGDC","4384481","4384481","0","0"
"414","2018","Ministério da Ciência, Tecnologia, Inovações e Comunicações","Operações Especiais: Gestão da Participação em Organismos e Entidades Nacionais e Internacionais","Contribuições a Organismos Internacionais sem Exigência de Programação Específica","8909","8909","8909","8909"
"415","2018","Ministério da Ciência, Tecnologia, Inovações e Comunicações","Política Espacial","Implantação do Centro Espacial de Alcântara - CEA","3500000","3499934","175268","158302"
"421","2018","Ministério da Ciência, Tecnologia, Inovações e Comunicações","Programa de Gestão e Manutenção do Ministério da Ciência, Tecnologia, Inovações e Comunicações","Pessoal Ativo da União","12366382","11978177","11978177","11110864"
"425","2018","Ministério da Ciência, Tecnologia, Inovações e Comunicações","Programa de Gestão e Manutenção do Ministério da Ciência, Tecnologia, Inovações e Comunicações","Assistência Médica e Odontológica aos Servidores Civis, Empregados, Militares e seus Dependentes","129668","129474","127526","122049"
"413","2018","Ministério da Ciência, Tecnologia, Inovações e Comunicações","PREVIDÊNCIA DE INATIVOS E PENSIONISTAS DA UNIÃO","Aposentadorias e Pensões Civis da União","455000","398085","398085","367530"
"416","2018","Ministério da Ciência, Tecnologia, Inovações e Comunicações","Política Espacial","Desenvolvimento e Lançamento de Foguetes Suborbitais e de Veículos Lançadores de Satélites, com a Infraestrutura Associada","41979679","41930935","16071318","15132260"
"424","2018","Ministério da Ciência, Tecnologia, Inovações e Comunicações","Programa de Gestão e Manutenção do Ministério da Ciência, Tecnologia, Inovações e Comunicações","Administração da Unidade","18571349","18260334","10643647","10636461"
"420","2018","Ministério da Ciência, Tecnologia, Inovações e Comunicações","Programa de Gestão e Manutenção do Ministério da Ciência, Tecnologia, Inovações e Comunicações","Contribuição da União, de suas Autarquias e Fundações para o Custeio do Regime de Previdência dos Servidores Públicos Federais","1467067","1190779","1190779","1190779"
"418","2018","Ministério da Ciência, Tecnologia, Inovações e Comunicações","Política Espacial","Desenvolvimento, Lançamento e Operação de Satélites, com a Infraestrutura Associada","78163862","78160256","56397280","55443513"
"423","2018","Ministério da Ciência, Tecnologia, Inovações e Comunicações","Programa de Gestão e Manutenção do Ministério da Ciência, Tecnologia, Inovações e Comunicações","Ajuda de Custo para Moradia ou Auxílio-Moradia a Agentes Públicos","133635","33959","33959","30869"
"422","2018","Ministério da Ciência, Tecnologia, Inovações e Comunicações","Programa de Gestão e Manutenção do Ministério da Ciência, Tecnologia, Inovações e Comunicações","Benefícios Obrigatórios aos Servidores Civis, Empregados, Militares e seus Dependentes","742955","628457","628457","575915"
"417","2018","Ministério da Ciência, Tecnologia, Inovações e Comunicações","Política Espacial","Pesquisa e Desenvolvimento de Tecnologias para o Setor Espacial","17430928","17319455","13193418","12707207"
"430","2019","Ministério da Ciência, Tecnologia, Inovações e Comunicações","Política Espacial","Pesquisa e Desenvolvimento de Tecnologias para o Setor Espacial","14394288","14203318","10232122","10202775"
"434","2019","Ministério da Ciência, Tecnologia, Inovações e Comunicações","Programa de Gestão e Manutenção do Ministério da Ciência, Tecnologia, Inovações e Comunicações","Ativos Civis da União","13258347","12278065","12278065","11399480"
"432","2019","Ministério da Ciência, Tecnologia, Inovações e Comunicações","Política Espacial","Implementação do Plano de Absorção e Transferência de Tecnologia no Âmbito do Satélite Geoestacionário de Defesa e Comunicações Estratégicas - SGDC","6164800","6164800","0","0"
"427","2019","Ministério da Ciência, Tecnologia, Inovações e Comunicações","Operações Especiais: Gestão da Participação em Organismos e Entidades Nacionais e Internacionais","Contribuições a Organismos Internacionais sem Exigência de Programação Específica","11400","11400","11400","11400"
"428","2019","Ministério da Ciência, Tecnologia, Inovações e Comunicações","Política Espacial","Implantação do Centro Espacial de Alcântara - CEA","512891","297673","0","0"
"438","2019","Ministério da Ciência, Tecnologia, Inovações e Comunicações","Programa de Gestão e Manutenção do Ministério da Ciência, Tecnologia, Inovações e Comunicações","Assistência Médica e Odontológica aos Servidores Civis, Empregados, Militares e seus Dependentes","185138","145567","143918","138211"
"426","2019","Ministério da Ciência, Tecnologia, Inovações e Comunicações","PREVIDÊNCIA DE INATIVOS E PENSIONISTAS DA UNIÃO","Aposentadorias e Pensões Civis da União","451925","409030","409030","373343"
"429","2019","Ministério da Ciência, Tecnologia, Inovações e Comunicações","Política Espacial","Desenvolvimento e Lançamento de Foguetes Suborbitais e de Veículos Lançadores de Satélites, com a Infraestrutura Associada","38321136","38222532","18976274","18070744"
"437","2019","Ministério da Ciência, Tecnologia, Inovações e Comunicações","Programa de Gestão e Manutenção do Ministério da Ciência, Tecnologia, Inovações e Comunicações","Administração da Unidade","16349971","15457530","7797382","7779236"
"433","2019","Ministério da Ciência, Tecnologia, Inovações e Comunicações","Programa de Gestão e Manutenção do Ministério da Ciência, Tecnologia, Inovações e Comunicações","Contribuição da União, de suas Autarquias e Fundações para o Custeio do Regime de Previdência dos Servidores Públicos Federais","1257009","1234242","1234242","1234242"
"431","2019","Ministério da Ciência, Tecnologia, Inovações e Comunicações","Política Espacial","Desenvolvimento, Lançamento e Operação de Satélites, com a Infraestrutura Associada","72470708","72456317","50785399","50784725"
"436","2019","Ministério da Ciência, Tecnologia, Inovações e Comunicações","Programa de Gestão e Manutenção do Ministério da Ciência, Tecnologia, Inovações e Comunicações","Ajuda de Custo para Moradia ou Auxílio-Moradia a Agentes Públicos","155325","17572","17572","14572"
"435","2019","Ministério da Ciência, Tecnologia, Inovações e Comunicações","Programa de Gestão e Manutenção do Ministério da Ciência, Tecnologia, Inovações e Comunicações","Benefícios Obrigatórios aos Servidores Civis, Empregados, Militares e seus Dependentes","692536","630267","630267","576693"
